asset_type,deal,source,source_url,listing_id,name,district,plz,city,state,rent_eur_m2_min,rent_eur_m2_max,price_eur,area_min_m2,area_max_m2,rooms,captured,notes
office,lease,Engel & Völkers,https://www.engelvoelkers.com/de/de/exposes/aa536bf4-3010-5363-91ed-11709a068302,ev-aa536bf4-3010-5363-91ed-11709a068302,"Top ausgestattete Bürofläche mit Glasfaser & Sonnenschutz",,,"Berlin","Berlin",14,14,,,139,,2026-06-29,"E&V Miete office"
office,lease,Engel & Völkers,https://www.engelvoelkers.com/de/de/exposes/58708414-d325-5d3d-b64d-780e46af120f,ev-58708414-d325-5d3d-b64d-780e46af120f,"Attraktives Büro im sanierten Altbau mit Aufzug & Stellplätzen",,,"Berlin","Berlin",14,14,,,308,,2026-06-29,"E&V Miete office"
office,lease,Engel & Völkers,https://www.engelvoelkers.com/de/de/exposes/2a17226c-4398-51bb-88fb-5d96a04fffbd,ev-2a17226c-4398-51bb-88fb-5d96a04fffbd,"Moderne Arbeitswelten im historischen Bürokomplex",,,"Berlin","Berlin",14,14,,,331,,2026-06-29,"E&V Miete office"
office,lease,Engel & Völkers,https://www.engelvoelkers.com/de/de/exposes/8411838a-62f3-52d7-998f-e1c9cc59f176,ev-8411838a-62f3-52d7-998f-e1c9cc59f176,"Repräsentative Bürofläche mit Charakter in Top-Lage",,,"Berlin","Berlin",14,14,,,310,,2026-06-29,"E&V Miete office"
office,lease,Engel & Völkers,https://www.engelvoelkers.com/de/de/exposes/e56ce79e-d781-5e10-8654-c7e5edeb86f2,ev-e56ce79e-d781-5e10-8654-c7e5edeb86f2,"Charmante Loftbüros nahe Frankfurter Allee",,,"Berlin","Berlin",14,14,,,1088,,2026-06-29,"E&V Miete office"
office,lease,Engel & Völkers,https://www.engelvoelkers.com/de/de/exposes/23ef4844-582c-5c11-a5ad-7a68ac2662c5,ev-23ef4844-582c-5c11-a5ad-7a68ac2662c5,"Sie suchen ein Büro mit Terrasse in Charlottenburg?",,,"Berlin","Berlin",23,23,,,401,,2026-06-29,"E&V Miete office"
office,lease,Engel & Völkers,https://www.engelvoelkers.com/de/de/exposes/57cfbdbf-7c50-5959-af33-5dfad82c575f,ev-57cfbdbf-7c50-5959-af33-5dfad82c575f,"Grünberger Höfe: Loftbüros im Simon-Dach-Kiez",,,"Berlin","Berlin",25,25,,,753,,2026-06-29,"E&V Miete office"
office,lease,Engel & Völkers,https://www.engelvoelkers.com/de/de/exposes/89db2f19-0548-5d69-8b46-80773f486cde,ev-89db2f19-0548-5d69-8b46-80773f486cde,"Sie suchen eine Erdgeschossfläche in Friedrichshain",,,"Berlin","Berlin",25,25,,,332,,2026-06-29,"E&V Miete office"
office,lease,Engel & Völkers,https://www.engelvoelkers.com/de/de/exposes/e481827a-934a-5f7f-9a60-eba6076ee37f,ev-e481827a-934a-5f7f-9a60-eba6076ee37f,"Ihr neuer Office-Standort am Hohenzollerndamm",,,"Berlin","Berlin",19.5,19.5,,,229,,2026-06-29,"E&V Miete office"
office,lease,Engel & Völkers,https://www.engelvoelkers.com/de/de/exposes/6f40ba3c-2f20-5581-92d4-5e0c7d1ee6fa,ev-6f40ba3c-2f20-5581-92d4-5e0c7d1ee6fa,"Kreative Büroflächen",,,"Berlin","Berlin",20,20,,,539,,2026-06-29,"E&V Miete office"
office,lease,Engel & Völkers,https://www.engelvoelkers.com/de/de/exposes/54405567-0440-5c38-ba1c-bae64ebb29ca,ev-54405567-0440-5c38-ba1c-bae64ebb29ca,"Ihr neuer Bürostandort in zentraler Kiezlage",,,"Berlin","Berlin",21,21,,,392,,2026-06-29,"E&V Miete office"
office,lease,Engel & Völkers,https://www.engelvoelkers.com/de/de/exposes/b6b45b22-118e-5960-9967-961be5b0c2df,ev-b6b45b22-118e-5960-9967-961be5b0c2df,"Arbeiten im urbanen Umfeld von Berlin-Wedding",,,"Berlin","Berlin",20,20,,,147,,2026-06-29,"E&V Miete office"
office,lease,Engel & Völkers,https://www.engelvoelkers.com/de/de/exposes/0ffeb0e0-f43e-5d5b-b300-5c9427c567d9,ev-0ffeb0e0-f43e-5d5b-b300-5c9427c567d9,"Berlins Top-Adresse: Unter den Linden",,,"Berlin","Berlin",27.2,27.2,,,562,,2026-06-29,"E&V Miete office"
office,lease,Engel & Völkers,https://www.engelvoelkers.com/de/de/exposes/00ce1665-5649-5a12-a789-f652f43be566,ev-00ce1665-5649-5a12-a789-f652f43be566,"Tattoo Studio mit Terrasse in Stuttgart-Mitte",,,"Stuttgart","Baden-Württemberg",18,18,,,114,,2026-06-29,"E&V Miete office"
office,lease,Engel & Völkers,https://www.engelvoelkers.com/de/de/exposes/05f6a224-91ea-5955-a4b0-51cf586a91d1,ev-05f6a224-91ea-5955-a4b0-51cf586a91d1,"Premium Office S-Mitte - Sofort bezugsfertig",,,"Stuttgart","Baden-Württemberg",25,25,,,507,,2026-06-29,"E&V Miete office"
office,lease,Engel & Völkers,https://www.engelvoelkers.com/de/de/exposes/42de8fb1-3ada-502c-befe-b69942bd4f7b,ev-42de8fb1-3ada-502c-befe-b69942bd4f7b,"Modernes Büro mit großzügiger Terrasse in Wilmersdorf",,,"Berlin","Berlin",17.5,17.5,,,453,,2026-06-29,"E&V Miete office"
office,lease,Engel & Völkers,https://www.engelvoelkers.com/de/de/exposes/a59f4a25-e464-52b0-a0c2-c6153b773c2f,ev-a59f4a25-e464-52b0-a0c2-c6153b773c2f,"Moderne Bürofläche in der List",,,"Hannover","Niedersachsen",10.5,10.5,,,1031,,2026-06-29,"E&V Miete office"
office,lease,Engel & Völkers,https://www.engelvoelkers.com/de/de/exposes/621c32e7-cecc-59f5-8e7c-51151b72eb48,ev-621c32e7-cecc-59f5-8e7c-51151b72eb48,"Bürofläche im Sprinkenhof - zentral, historisch",,,"Hamburg","Hamburg",22,22,,,832,,2026-06-29,"E&V Miete office"
office,lease,Engel & Völkers,https://www.engelvoelkers.com/de/de/exposes/b8834859-3871-5005-948b-ac8cdae711d5,ev-b8834859-3871-5005-948b-ac8cdae711d5,"Kleines Büro in Charlottenburg",,,"Berlin","Berlin",22,22,,,93,,2026-06-29,"E&V Miete office"
office,lease,Engel & Völkers,https://www.engelvoelkers.com/de/de/exposes/863b7634-7a04-5181-8e2d-69beff6bd234,ev-863b7634-7a04-5181-8e2d-69beff6bd234,"Attraktive Bürofläche in begehrter Cityrandlage",,,"Stuttgart","Baden-Württemberg",18.5,18.5,,,350,,2026-06-29,"E&V Miete office"
office,lease,Engel & Völkers,https://www.engelvoelkers.com/de/de/exposes/2487cbd1-7623-5a8a-bca6-c87d41e8b90a,ev-2487cbd1-7623-5a8a-bca6-c87d41e8b90a,"DIE MACHEREI MÜNCHEN - M1",,,"München","Bayern",28,28,,,660,,2026-06-29,"E&V Miete office"
office,lease,Engel & Völkers,https://www.engelvoelkers.com/de/de/exposes/23bceb23-117c-5d9b-bb98-c96297da8ccb,ev-23bceb23-117c-5d9b-bb98-c96297da8ccb,"Ausgezeichnetes Arbeiten in stilvollem Business-Quartier",,,"München","Bayern",20,20,,,242,,2026-06-29,"E&V Miete office"
office,lease,Engel & Völkers,https://www.engelvoelkers.com/de/de/exposes/ac687643-63f5-563f-b00b-f8f75d785158,ev-ac687643-63f5-563f-b00b-f8f75d785158,"Ausgezeichnetes Arbeiten in stilvollem Business-Quartier",,,"München","Bayern",18.5,18.5,,,1229,,2026-06-29,"E&V Miete office"
office,lease,Engel & Völkers,https://www.engelvoelkers.com/de/de/exposes/b2a00d77-98c5-581b-8dc6-50e2bf184f58,ev-b2a00d77-98c5-581b-8dc6-50e2bf184f58,"Weitblick aus dem 7. Stock am Arabellapark",,,"München","Bayern",24,24,,,611,,2026-06-29,"E&V Miete office"
office,lease,Engel & Völkers,https://www.engelvoelkers.com/de/de/exposes/f5e31292-3538-5010-96cd-4b85b98991af,ev-f5e31292-3538-5010-96cd-4b85b98991af,"Exklusive Praxisfläche am Prinzregentenplatz",,,"München","Bayern",33,33,,,448,,2026-06-29,"E&V Miete office"
office,lease,Engel & Völkers,https://www.engelvoelkers.com/de/de/exposes/94548051-9e54-57af-bfbc-8dc68de706f8,ev-94548051-9e54-57af-bfbc-8dc68de706f8,"Klimatisierte Büroeinheit in modernem Geschäftskomplex",,,"Magdeburg","Sachsen-Anhalt",,,,,190,,2026-06-29,"E&V Miete office; approx 11.176 EUR/mo"
office,lease,Engel & Völkers,https://www.engelvoelkers.com/de/de/exposes/e9ceacf4-2539-5c5b-b1d4-f8dd44777698,ev-e9ceacf4-2539-5c5b-b1d4-f8dd44777698,"Flexible Private Offices in der HafenCity",,,"Hamburg","Hamburg",,,,,100,,2026-06-29,"E&V Miete office"
office,lease,Engel & Völkers,https://www.engelvoelkers.com/de/de/exposes/12b2f187-dadc-563e-886c-9e38c13f8333,ev-12b2f187-dadc-563e-886c-9e38c13f8333,"Flexible Private Offices in der HafenCity",,,"Hamburg","Hamburg",,,,,50,,2026-06-29,"E&V Miete office"
office,lease,Engel & Völkers,https://www.engelvoelkers.com/de/de/exposes/09ca434e-9987-5d4b-83b1-8d3d3282333f,ev-09ca434e-9987-5d4b-83b1-8d3d3282333f,"Flexible Private Offices in der HafenCity",,,"Hamburg","Hamburg",,,,,13,,2026-06-29,"E&V Miete office"
office,lease,Engel & Völkers,https://www.engelvoelkers.com/de/de/exposes/bdf87568-4101-5e53-b451-df6f639363fc,ev-bdf87568-4101-5e53-b451-df6f639363fc,"Flexible Private Offices in der HafenCity",,,"Hamburg","Hamburg",,,,,50,,2026-06-29,"E&V Miete office"
office,lease,Engel & Völkers,https://www.engelvoelkers.com/de/de/exposes/16c40eaa-53e3-59a1-a587-33418c16cd84,ev-16c40eaa-53e3-59a1-a587-33418c16cd84,"Moderne Praxisfläche in Lüdenscheider Innenstadt",,,"Lüdenscheid","Nordrhein-Westfalen",,,,,152,,2026-06-29,"E&V Miete office; approx 1.670 EUR/mo"
office,lease,Engel & Völkers,https://www.engelvoelkers.com/de/de/exposes/1ef668a1-dba4-5922-b6ff-2e660a6ba30b,ev-1ef668a1-dba4-5922-b6ff-2e660a6ba30b,"Kiezbüro in Friedrichshain sucht Sie als Mieter",,,"Berlin","Berlin",19,19,,,150,,2026-06-29,"E&V Miete office"
office,lease,Engel & Völkers,https://www.engelvoelkers.com/de/de/exposes/5b35cdf1-7df3-57fc-ae56-4f9d2e06d0d2,ev-5b35cdf1-7df3-57fc-ae56-4f9d2e06d0d2,"Ruhiges Arbeiten mitten in Friedrichshain",,,"Berlin","Berlin",19,19,,,391,,2026-06-29,"E&V Miete office"
office,lease,Engel & Völkers,https://www.engelvoelkers.com/de/de/exposes/2ddb5a01-1027-56c6-847e-cb712d0583c9,ev-2ddb5a01-1027-56c6-847e-cb712d0583c9,"Potenzialstarke Bürofläche in guter Lage",,,"Stuttgart","Baden-Württemberg",12,12,,,206,,2026-06-29,"E&V Miete office"
office,lease,Engel & Völkers,https://www.engelvoelkers.com/de/de/exposes/438dd391-6bb6-5d95-9be2-f0bf103526e3,ev-438dd391-6bb6-5d95-9be2-f0bf103526e3,"Attraktive Büroflächen in guter Lage",,,"Sindelfingen","Baden-Württemberg",15.58,15.58,,,350,,2026-06-29,"E&V Miete office"
office,lease,Engel & Völkers,https://www.engelvoelkers.com/de/de/exposes/6cd22f1b-8cfa-5d6e-bd38-800bc719748f,ev-6cd22f1b-8cfa-5d6e-bd38-800bc719748f,"Attraktive Büroflächen in guter Lage",,,"Sindelfingen","Baden-Württemberg",15.58,15.58,,,327,,2026-06-29,"E&V Miete office"
office,lease,Engel & Völkers,https://www.engelvoelkers.com/de/de/exposes/6fd9904b-ba3a-5dd3-84de-74b482df5367,ev-6fd9904b-ba3a-5dd3-84de-74b482df5367,"Attraktive Büroflächen in guter Lage",,,"Sindelfingen","Baden-Württemberg",15.58,15.58,,,615,,2026-06-29,"E&V Miete office"
office,lease,Engel & Völkers,https://www.engelvoelkers.com/de/de/exposes/5151c939-6a7b-543a-b55a-b89db6bbff9a,ev-5151c939-6a7b-543a-b55a-b89db6bbff9a,"Schönster Altbau-Komplex in einzigartiger Citylage",,,"München","Bayern",28,28,,,4809,,2026-06-29,"E&V Miete office"
office,lease,Engel & Völkers,https://www.engelvoelkers.com/de/de/exposes/d7d12c13-1aa4-5b7f-af94-0dd841116939,ev-d7d12c13-1aa4-5b7f-af94-0dd841116939,"MONACO - architektonisches Highlight",,,"München","Bayern",42.9,42.9,,,4473,,2026-06-29,"E&V Miete office"
office,lease,Engel & Völkers,https://www.engelvoelkers.com/de/de/exposes/0a7d70c6-cf1e-5288-af32-efd2580b6b73,ev-0a7d70c6-cf1e-5288-af32-efd2580b6b73,"Meetings auf begrünten Dachterrassen mit Alpenblick",,,"München","Bayern",29,29,,,4360,,2026-06-29,"E&V Miete office"
office,lease,Engel & Völkers,https://www.engelvoelkers.com/de/de/exposes/3e51987e-fb7a-5142-9e62-54b7cd35ce9a,ev-3e51987e-fb7a-5142-9e62-54b7cd35ce9a,"Ihr neues Büro: Ausgebaut und kurzfristig zu beziehen",,,"Berlin","Berlin",25,25,,,314,,2026-06-29,"E&V Miete office"
office,lease,Engel & Völkers,https://www.engelvoelkers.com/de/de/exposes/402a8146-e29e-5fd7-8055-1f8fbd76a93a,ev-402a8146-e29e-5fd7-8055-1f8fbd76a93a,"Schöne Büroflächen in guter Lage von Böblingen",,,"Böblingen","Baden-Württemberg",11.5,11.5,,,303,,2026-06-29,"E&V Miete office"
office,lease,Engel & Völkers,https://www.engelvoelkers.com/de/de/exposes/1cc830d8-d627-5e86-83f8-06e312a5a9fd,ev-1cc830d8-d627-5e86-83f8-06e312a5a9fd,"Zentral gelegene Büroflächen am Hauptbahnhof",,,"München","Bayern",24,24,,,1214,,2026-06-29,"E&V Miete office"
office,lease,Engel & Völkers,https://www.engelvoelkers.com/de/de/exposes/00936a5b-4133-5448-bbcf-7cd3cb74b5e7,ev-00936a5b-4133-5448-bbcf-7cd3cb74b5e7,"Loftartige und moderne Büro-Architektur",,,"München","Bayern",19,19,,,1128,,2026-06-29,"E&V Miete office"
office,lease,Engel & Völkers,https://www.engelvoelkers.com/de/de/exposes/1e19dc65-1342-5c14-b8ca-e4103a18d656,ev-1e19dc65-1342-5c14-b8ca-e4103a18d656,"Helles Büro nahe Gedächtniskirche",,,"Berlin","Berlin",21,21,,,265,,2026-06-29,"E&V Miete office"
office,lease,Engel & Völkers,https://www.engelvoelkers.com/de/de/exposes/dfaa4975-5986-51e7-ae65-100d8b435ebb,ev-dfaa4975-5986-51e7-ae65-100d8b435ebb,"Bürofläche in zentraler Lage in Bremen Vegesack",,,"Bremen","Bremen",8.9,8.9,,,,,2026-06-29,"E&V Miete office"
office,lease,Engel & Völkers,https://www.engelvoelkers.com/de/de/exposes/e6cff100-7588-59f7-834f-64aa152d23b1,ev-e6cff100-7588-59f7-834f-64aa152d23b1,"Ihr Büro in Friedrichshain",,,"Berlin","Berlin",29,29,,,1662,,2026-06-29,"E&V Miete office"
office,lease,Engel & Völkers,https://www.engelvoelkers.com/de/de/exposes/227c45af-903a-5aba-8271-498f5bbf25d8,ev-227c45af-903a-5aba-8271-498f5bbf25d8,"Klimatisierte Büroeinheit in modernem Geschäftskomplex",,,"Magdeburg","Sachsen-Anhalt",,,,,,,2026-06-29,"E&V Miete office; approx 5.286 EUR/mo"
office,lease,Engel & Völkers,https://www.engelvoelkers.com/de/de/exposes/b406969e-2ce3-52a8-b9ed-055a67665d3f,ev-b406969e-2ce3-52a8-b9ed-055a67665d3f,"Klimatisierte Büroeinheit in modernem Geschäftskomplex",,,"Magdeburg","Sachsen-Anhalt",,,,,190,,2026-06-29,"E&V Miete office; approx 2.945 EUR/mo"
office,lease,Engel & Völkers,https://www.engelvoelkers.com/de/de/exposes/752d8f34-77fa-5bfa-9d7b-4725c4a28211,ev-752d8f34-77fa-5bfa-9d7b-4725c4a28211,"Moderne Bürofläche mit Elbblick",,,"Hamburg","Hamburg",34.53,34.53,,,388,,2026-06-29,"E&V Miete office"
office,lease,Engel & Völkers,https://www.engelvoelkers.com/de/de/exposes/4586c2a2-5259-51aa-a6af-4103ebae5e48,ev-4586c2a2-5259-51aa-a6af-4103ebae5e48,"Großzügige Office-Fläche mit Fokus auf ESG-Compliance",,,"Potsdam","Brandenburg",16.5,16.5,,,649,,2026-06-29,"E&V Miete office"
office,lease,Engel & Völkers,https://www.engelvoelkers.com/de/de/exposes/aedb1f50-61fe-57bc-bcd9-088af2e849d0,ev-aedb1f50-61fe-57bc-bcd9-088af2e849d0,"Exklusive Büroflächen in herrschaftlicher Villa",,,"Stuttgart","Baden-Württemberg",14,14,,,191,,2026-06-29,"E&V Miete office"
office,lease,Engel & Völkers,https://www.engelvoelkers.com/de/de/exposes/db748b38-50d6-581b-8664-957c4da27d52,ev-db748b38-50d6-581b-8664-957c4da27d52,"Kleine Gewerbefläche in optimaler City-West Lage",,,"Berlin","Berlin",25,25,,,71,,2026-06-29,"E&V Miete office"
office,lease,Engel & Völkers,https://www.engelvoelkers.com/de/de/exposes/aa42ebce-ba1a-5d0e-ab50-03bf40259363,ev-aa42ebce-ba1a-5d0e-ab50-03bf40259363,"Penthouse-Office mit eigener Terrasse",,,"Berlin","Berlin",42,42,,,665,,2026-06-29,"E&V Miete office"
office,lease,Engel & Völkers,https://www.engelvoelkers.com/de/de/exposes/dbbb6a6a-293a-5134-9090-efc59f5c0883,ev-dbbb6a6a-293a-5134-9090-efc59f5c0883,"Kanzlei, Büro oder Praxis - Altbaueinheit am Theater",,,"Mannheim","Baden-Württemberg",12,12,,,165,,2026-06-29,"E&V Miete office"
office,lease,Engel & Völkers,https://www.engelvoelkers.com/de/de/exposes/3fd30fb0-e12d-580d-b0fa-7542ebab0336,ev-3fd30fb0-e12d-580d-b0fa-7542ebab0336,"Stilvolles Büro mit eigener Terrasse im Zentrum",,,"Berlin","Berlin",40,40,,,599,,2026-06-29,"E&V Miete office"
office,lease,Engel & Völkers,https://www.engelvoelkers.com/de/de/exposes/6dd5bcc3-e5fa-57b9-a8fc-d27966c3b8b1,ev-6dd5bcc3-e5fa-57b9-a8fc-d27966c3b8b1,"Wenn Sie ein Top-Büro suchen",,,"Berlin","Berlin",38,38,,,656,,2026-06-29,"E&V Miete office"
office,lease,Engel & Völkers,https://www.engelvoelkers.com/de/de/exposes/9b294dba-279d-5be1-a606-5d717e32094c,ev-9b294dba-279d-5be1-a606-5d717e32094c,"Im Herzen der City-West",,,"Berlin","Berlin",37,37,,,656,,2026-06-29,"E&V Miete office"
office,lease,Engel & Völkers,https://www.engelvoelkers.com/de/de/exposes/ad9cc2e8-4861-52e2-b28b-16b73c76c77d,ev-ad9cc2e8-4861-52e2-b28b-16b73c76c77d,"Erstklassiges Office für Ihre Repräsentanz",,,"Berlin","Berlin",36,36,,,655,,2026-06-29,"E&V Miete office"
office,lease,Engel & Völkers,https://www.engelvoelkers.com/de/de/exposes/bd9e17ce-a144-5b95-a24c-10fc9a221486,ev-bd9e17ce-a144-5b95-a24c-10fc9a221486,"Besser angebunden geht nicht",,,"Berlin","Berlin",45,45,,,,,2026-06-29,"E&V Miete office"
office,lease,Engel & Völkers,https://www.engelvoelkers.com/de/de/exposes/f91c3797-64f5-50f7-b2ab-85bbeb61b1f1,ev-f91c3797-64f5-50f7-b2ab-85bbeb61b1f1,"Büro mit Terrasse sucht Mieter",,,"Berlin","Berlin",45,45,,,294,,2026-06-29,"E&V Miete office"
office,lease,Engel & Völkers,https://www.engelvoelkers.com/de/de/exposes/634b6472-2dd9-5d77-9e1c-a8944a2124a9,ev-634b6472-2dd9-5d77-9e1c-a8944a2124a9,"Ihre neue Geschäftsadresse in Premiumlage",,,"Berlin","Berlin",35,35,,,786,,2026-06-29,"E&V Miete office"
office,lease,Engel & Völkers,https://www.engelvoelkers.com/de/de/exposes/c3648def-6300-5399-8e96-107f5b157a58,ev-c3648def-6300-5399-8e96-107f5b157a58,"Stilvolle Büros auf Turley - Parkett, Klimaanlage",,,"Mannheim","Baden-Württemberg",13.5,13.5,,,278,,2026-06-29,"E&V Miete office"
office,lease,Engel & Völkers,https://www.engelvoelkers.com/de/de/exposes/a1c72dcf-5745-59ec-bdec-942cdf1c68b3,ev-a1c72dcf-5745-59ec-bdec-942cdf1c68b3,"Stilvolle Gewerbefläche in der City-West",,,"Berlin","Berlin",30,30,,,362,,2026-06-29,"E&V Miete office"
office,lease,Engel & Völkers,https://www.engelvoelkers.com/de/de/exposes/6d2bb9e8-3f32-52bb-9004-40d89007f0ae,ev-6d2bb9e8-3f32-52bb-9004-40d89007f0ae,"AVIÉR: Exklusive Büros im Erstbezug am Wittenbergplatz",,,"Berlin","Berlin",30,30,,,4380,,2026-06-29,"E&V Miete office"
office,lease,Engel & Völkers,https://www.engelvoelkers.com/de/de/exposes/97b02a6f-2ae6-52cb-b460-c43c4e6b2747,ev-97b02a6f-2ae6-52cb-b460-c43c4e6b2747,"Modernes Büro in Moabit sucht Mieter",,,"Berlin","Berlin",32,32,,,14876,,2026-06-29,"E&V Miete office"
office,lease,Engel & Völkers,https://www.engelvoelkers.com/de/de/exposes/f894eee3-732e-511d-afd2-4eb74511f93b,ev-f894eee3-732e-511d-afd2-4eb74511f93b,"Außergewöhnliche Fläche auf zwei Etagen mit Dachterrasse",,,"Berlin","Berlin",42.5,42.5,,,630,,2026-06-29,"E&V Miete office"
office,lease,Engel & Völkers,https://www.engelvoelkers.com/de/de/exposes/4025667a-8516-5c6f-91a7-10d07c8da082,ev-4025667a-8516-5c6f-91a7-10d07c8da082,"Loftartiges Bürofläche an der B1",,,"Berlin","Berlin",8.5,8.5,,,578,,2026-06-29,"E&V Miete office"
office,lease,Engel & Völkers,https://www.engelvoelkers.com/de/de/exposes/74351510-2160-53a7-a454-db598bf29dd8,ev-74351510-2160-53a7-a454-db598bf29dd8,"Renovierte Bürofläche im Dachgeschoss",,,"Berlin","Berlin",6.5,6.5,,,577,,2026-06-29,"E&V Miete office"
office,lease,Engel & Völkers,https://www.engelvoelkers.com/de/de/exposes/ec394328-ee97-5600-946b-f2ba688f3c30,ev-ec394328-ee97-5600-946b-f2ba688f3c30,"Modernes Büro mit Balkon im grünen Berlin-Mahlsdorf",,,"Berlin","Berlin",10,10,,,241,,2026-06-29,"E&V Miete office"
office,lease,Engel & Völkers,https://www.engelvoelkers.com/de/de/exposes/b8c24a31-12a1-5e5d-86c9-e76b85a8a8d4,ev-b8c24a31-12a1-5e5d-86c9-e76b85a8a8d4,"Büroflächen mit Blick auf die Kö",,,"Düsseldorf","Nordrhein-Westfalen",,,,,169,,2026-06-29,"E&V Miete office"
office,lease,Engel & Völkers,https://www.engelvoelkers.com/de/de/exposes/512d1317-efcd-58e4-b414-10a387ac0b95,ev-512d1317-efcd-58e4-b414-10a387ac0b95,"Büroflächen mit Blick auf die Kö",,,"Düsseldorf","Nordrhein-Westfalen",,,,,452,,2026-06-29,"E&V Miete office"
office,lease,Engel & Völkers,https://www.engelvoelkers.com/de/de/exposes/619ac009-9584-560b-a586-a6b018b41f9f,ev-619ac009-9584-560b-a586-a6b018b41f9f,"Helle modernisierte Büroflächen mit Blick ins Grüne",,,"Bremen","Bremen",11,11,,,148,,2026-06-29,"E&V Miete office"
office,lease,Engel & Völkers,https://www.engelvoelkers.com/de/de/exposes/a9a62862-4efe-5ca7-b31a-ee09375e1893,ev-a9a62862-4efe-5ca7-b31a-ee09375e1893,"Flagship Location für Einzelhandel",,,"Berlin","Berlin",,,,,3045,,2026-06-29,"E&V Miete other (retail/flagship)"
office,lease,Engel & Völkers,https://www.engelvoelkers.com/de/de/exposes/ec407408-afe1-520a-a9ae-029eada66988,ev-ec407408-afe1-520a-a9ae-029eada66988,"ERSTKLASSIGE SICHTBARKEIT: Klimatisiertes Büro im Erdgeschoss",,,"Mannheim","Baden-Württemberg",15.5,15.5,,,242,,2026-06-29,"E&V Miete office"
office,lease,Engel & Völkers,https://www.engelvoelkers.com/de/de/exposes/dae6b3d7-8cb4-5380-b2e9-62267ad59797,ev-dae6b3d7-8cb4-5380-b2e9-62267ad59797,"Ihre neue Repräsentanz nahe Gendarmenmarkt",,,"Berlin","Berlin",31.5,31.5,,,208,,2026-06-29,"E&V Miete office"
office,lease,Engel & Völkers,https://www.engelvoelkers.com/de/de/exposes/9fd326b9-0416-5c48-b460-739e25bb9536,ev-9fd326b9-0416-5c48-b460-739e25bb9536,"BÜRO IM HERZEN VON BRAUNSCHWEIG",,,"Braunschweig","Niedersachsen",10.38,10.38,,,,,2026-06-29,"E&V Miete office"
office,lease,Engel & Völkers,https://www.engelvoelkers.com/de/de/exposes/6af9cd5f-7f14-5aeb-be49-40e564039b27,ev-6af9cd5f-7f14-5aeb-be49-40e564039b27,"VIELSEITIG NUTZBARE GEWERBEFLÄCHE IN ZENTRALER LAGE",,,"Wolfsburg","Niedersachsen",11,11,,,,,2026-06-29,"E&V Miete office"
office,lease,Engel & Völkers,https://www.engelvoelkers.com/de/de/exposes/45cd59c4-14f5-5532-b8c2-e0716b87d40b,ev-45cd59c4-14f5-5532-b8c2-e0716b87d40b,"Moderne Büro- oder Praxisfläche in zentralem Ärztehaus",,,"Würzburg","Bayern",,,,,440,,2026-06-29,"E&V Miete office; approx 9.130 EUR/mo"
office,lease,Engel & Völkers,https://www.engelvoelkers.com/de/de/exposes/e57a67b3-9481-5b7d-b789-ae0ab6c5bf0f,ev-e57a67b3-9481-5b7d-b789-ae0ab6c5bf0f,"Moderne Büroeinheit in Würzburg-Hubland",,,"Würzburg","Bayern",,,,,75,,2026-06-29,"E&V Miete office; approx 1.388 EUR/mo"
office,lease,Engel & Völkers,https://www.engelvoelkers.com/de/de/exposes/658b1fb5-c9b9-5b9e-84b0-8728ccdc864a,ev-658b1fb5-c9b9-5b9e-84b0-8728ccdc864a,"Moderne Ladenlokale und Büroflächen in Unterbilk",,,"Düsseldorf","Nordrhein-Westfalen",21,21,,,311,,2026-06-29,"E&V Miete office"
office,lease,Engel & Völkers,https://www.engelvoelkers.com/de/de/exposes/5b814a5d-57af-5eb9-81af-001e2fefdde2,ev-5b814a5d-57af-5eb9-81af-001e2fefdde2,"Moderne Ladenlokale und Büroflächen in Unterbilk",,,"Düsseldorf","Nordrhein-Westfalen",25,25,,,288,,2026-06-29,"E&V Miete office"
office,lease,Engel & Völkers,https://www.engelvoelkers.com/de/de/exposes/e43ae1bf-4a7a-5712-8f20-9133b7c3a287,ev-e43ae1bf-4a7a-5712-8f20-9133b7c3a287,"Repräsentative Bürofläche in Hamburg-Rotherbaum",,,"Hamburg","Hamburg",22,22,,,200,,2026-06-29,"E&V Miete office"
office,lease,Engel & Völkers,https://www.engelvoelkers.com/de/de/exposes/266dfb07-f863-5a76-8452-694408fd4733,ev-266dfb07-f863-5a76-8452-694408fd4733,"Sie suchen ein Büro in U-Bahn-Nähe?",,,"Berlin","Berlin",24,24,,,156,,2026-06-29,"E&V Miete office"
office,lease,Engel & Völkers,https://www.engelvoelkers.com/de/de/exposes/1b0dffed-7110-548c-aab1-5e0d1b55824d,ev-1b0dffed-7110-548c-aab1-5e0d1b55824d,"Ihr neuer Bürostandort nahe U-Bahnstation Kochstraße",,,"Berlin","Berlin",24,24,,,703,,2026-06-29,"E&V Miete office"
office,lease,Engel & Völkers,https://www.engelvoelkers.com/de/de/exposes/50f78525-57c8-5427-90c1-2916295c8750,ev-50f78525-57c8-5427-90c1-2916295c8750,"Ihr neues Büro zentral und gut angebunden",,,"Berlin","Berlin",24,24,,,351,,2026-06-29,"E&V Miete office"
office,lease,Engel & Völkers,https://www.engelvoelkers.com/de/de/exposes/0b667700-298e-5889-a3a5-37d73d2d6303,ev-0b667700-298e-5889-a3a5-37d73d2d6303,"Büro sucht Mieter!",,,"Berlin","Berlin",24,24,,,197,,2026-06-29,"E&V Miete office"
office,lease,Engel & Völkers,https://www.engelvoelkers.com/de/de/exposes/68a2318d-dde0-5359-aff5-eedeb5579292,ev-68a2318d-dde0-5359-aff5-eedeb5579292,"Helles Büro nahe Fehrbelliner Platz",,,"Berlin","Berlin",16,16,,,413,,2026-06-29,"E&V Miete office"
office,lease,Engel & Völkers,https://www.engelvoelkers.com/de/de/exposes/6cdad8cf-5155-527b-a3bd-dcea8bb83088,ev-6cdad8cf-5155-527b-a3bd-dcea8bb83088,"Sie suchen ein Büro in Kreuzberg?",,,"Berlin","Berlin",17.5,17.5,,,183,,2026-06-29,"E&V Miete office"
office,lease,Engel & Völkers,https://www.engelvoelkers.com/de/de/exposes/9d224740-c51b-5608-a136-8088a1907541,ev-9d224740-c51b-5608-a136-8088a1907541,"Gemeinschaftsbüro mit Empfang und Konferenzsälen",,,"Hannover","Niedersachsen",15,15,,,,,2026-06-29,"E&V Miete office"
office,lease,Engel & Völkers,https://www.engelvoelkers.com/de/de/exposes/c282e256-24b5-5715-8007-bda4bc9cb08b,ev-c282e256-24b5-5715-8007-bda4bc9cb08b,"Hochwertige Büros mit Terrasse nahe Media-Spree",,,"Berlin","Berlin",29,29,,,3176,,2026-06-29,"E&V Miete office"
office,lease,Engel & Völkers,https://www.engelvoelkers.com/de/de/exposes/c3550196-4ca2-57b7-9233-c98b046199a0,ev-c3550196-4ca2-57b7-9233-c98b046199a0,"Büro mit Terrasse einziehen und loslegen",,,"Berlin","Berlin",29,29,,,1511,,2026-06-29,"E&V Miete office"
office,lease,Engel & Völkers,https://www.engelvoelkers.com/de/de/exposes/e51d97eb-fb7f-5429-b473-266d4d1e90ba,ev-e51d97eb-fb7f-5429-b473-266d4d1e90ba,"Untervermietung: Hier nahe Media-Spree",,,"Berlin","Berlin",29,29,,,832,,2026-06-29,"E&V Miete office"
office,lease,Engel & Völkers,https://www.engelvoelkers.com/de/de/exposes/d33c3367-8e19-5695-8b3b-c8529af0fd8e,ev-d33c3367-8e19-5695-8b3b-c8529af0fd8e,"Attraktive Büroflächen in Stuttgart-Mitte",,,"Stuttgart","Baden-Württemberg",17,17,,,167,,2026-06-29,"E&V Miete office"
office,lease,Engel & Völkers,https://www.engelvoelkers.com/de/de/exposes/094666ce-f840-5d9e-8a44-f482d72c3d01,ev-094666ce-f840-5d9e-8a44-f482d72c3d01,"Premium-Büro im Campus Nordpark",,,"Bielefeld","Nordrhein-Westfalen",,,,,,,2026-06-29,"E&V Miete office; approx 2.500 EUR/mo"
office,lease,Engel & Völkers,https://www.engelvoelkers.com/de/de/exposes/b160d34b-da15-5c2c-9b4a-2db993f044e9,ev-b160d34b-da15-5c2c-9b4a-2db993f044e9,"Neue Geschäftsräume in gefragter Lage",,,"Berlin","Berlin",28,28,,,256,,2026-06-29,"E&V Miete office"
office,lease,Engel & Völkers,https://www.engelvoelkers.com/de/de/exposes/8349b1eb-848d-5f09-8249-7c94765c1adf,ev-8349b1eb-848d-5f09-8249-7c94765c1adf,"Büro mit Terrasse und großem, eigenem Garten",,,"Berlin","Berlin",24,24,,,505,,2026-06-29,"E&V Miete office"
office,lease,Engel & Völkers,https://www.engelvoelkers.com/de/de/exposes/100f68d1-9b04-5022-93b2-4fb03e45bb27,ev-100f68d1-9b04-5022-93b2-4fb03e45bb27,"Renovierte Bürofläche in Bremen-Hastedt",,,"Bremen","Bremen",,,,,,,2026-06-29,"E&V Miete office; approx 1.700 EUR/mo"
office,lease,Engel & Völkers,https://www.engelvoelkers.com/de/de/exposes/18ac3957-5e9d-59c0-bc63-ad802da8577e,ev-18ac3957-5e9d-59c0-bc63-ad802da8577e,"Gesucht - Gefunden in Mitte",,,"Berlin","Berlin",30,30,,,315,,2026-06-29,"E&V Miete office"
office,lease,Engel & Völkers,https://www.engelvoelkers.com/de/de/exposes/2bdd1789-0b1f-546e-ad1d-7337f5c21fc6,ev-2bdd1789-0b1f-546e-ad1d-7337f5c21fc6,"Perfekt angebunden an der Ringbahn",,,"Berlin","Berlin",18.5,18.5,,,365,,2026-06-29,"E&V Miete office"
office,lease,Engel & Völkers,https://www.engelvoelkers.com/de/de/exposes/f74d824d-d85a-5421-acee-4e40acd09ef5,ev-f74d824d-d85a-5421-acee-4e40acd09ef5,"Sie suchen ein Büro in Berlin?",,,"Berlin","Berlin",15,15,,,195,,2026-06-29,"E&V Miete office"
office,lease,Engel & Völkers,https://www.engelvoelkers.com/de/de/exposes/71770c1f-2344-5278-baf3-b6cb8e45fdff,ev-71770c1f-2344-5278-baf3-b6cb8e45fdff,"Gesucht & Gefunden in Wilmersdorf",,,"Berlin","Berlin",24,24,,,424,,2026-06-29,"E&V Miete office"
office,lease,Engel & Völkers,https://www.engelvoelkers.com/de/de/exposes/5599e4ba-bdb8-5b53-ab2b-e63bea3add2c,ev-5599e4ba-bdb8-5b53-ab2b-e63bea3add2c,"Sie suchen ein Büro in Wilmersdorf?",,,"Berlin","Berlin",24,24,,,313,,2026-06-29,"E&V Miete office"
office,lease,Engel & Völkers,https://www.engelvoelkers.com/de/de/exposes/8eb6a691-40b7-5e60-a8b6-8e401ddcb7cf,ev-8eb6a691-40b7-5e60-a8b6-8e401ddcb7cf,"B5: Neuer Raum am Volkspark Wilmersdorf",,,"Berlin","Berlin",24,24,,,1152,,2026-06-29,"E&V Miete office"
office,lease,Engel & Völkers,https://www.engelvoelkers.com/de/de/exposes/967c27f0-1d8a-5dcd-96d7-f62250e046ae,ev-967c27f0-1d8a-5dcd-96d7-f62250e046ae,"Funktionale Bürofläche in Berlin-Oberschöneweide",,,"Berlin","Berlin",12,12,,,310,,2026-06-29,"E&V Miete office"
office,lease,Engel & Völkers,https://www.engelvoelkers.com/de/de/exposes/c7600a52-49be-5777-8e3e-f4f0dddba48a,ev-c7600a52-49be-5777-8e3e-f4f0dddba48a,"Interimsanmietung: Ihr neues Büro am Mehringdamm",,,"Berlin","Berlin",20,20,,,307,,2026-06-29,"E&V Miete office"
office,lease,Engel & Völkers,https://www.engelvoelkers.com/de/de/exposes/45d2e032-10ff-5ce7-b90d-b8c12a8b3840,ev-45d2e032-10ff-5ce7-b90d-b8c12a8b3840,"Büro mit Terrasse an der Ringbahn",,,"Berlin","Berlin",29,29,,,915,,2026-06-29,"E&V Miete office"
office,lease,Engel & Völkers,https://www.engelvoelkers.com/de/de/exposes/80e2bb28-3715-5848-a8a8-4dd912880c61,ev-80e2bb28-3715-5848-a8a8-4dd912880c61,"Kleine Bürofläche in der Campestraße",,,"Braunschweig","Niedersachsen",11,11,,,,,2026-06-29,"E&V Miete office"
office,lease,Engel & Völkers,https://www.engelvoelkers.com/de/de/exposes/bbdf26d6-1d13-5950-871e-c76035e71baf,ev-bbdf26d6-1d13-5950-871e-c76035e71baf,"Lichtdurchflutet, energetisch nachhaltig",,,"Würzburg","Bayern",,,,,1148,,2026-06-29,"E&V Miete office; approx 19.253 EUR/mo"
office,lease,Engel & Völkers,https://www.engelvoelkers.com/de/de/exposes/404170b9-659e-583b-981c-3eed7440e9e3,ev-404170b9-659e-583b-981c-3eed7440e9e3,"Ihre neue Praxisfläche direkt am Flughafen BER",,,"Schönefeld","Brandenburg",24,24,,,427,,2026-06-29,"E&V Miete office"
office,lease,Engel & Völkers,https://www.engelvoelkers.com/de/de/exposes/418217f8-cb23-5039-8cc1-f68371a2df9b,ev-418217f8-cb23-5039-8cc1-f68371a2df9b,"Am Borsigturm: Die perfekte Lage in Tegel",,,"Berlin","Berlin",16,16,,,152,,2026-06-29,"E&V Miete office"
office,lease,Engel & Völkers,https://www.engelvoelkers.com/de/de/exposes/02de7155-46ec-5276-8bd3-328e42f53a99,ev-02de7155-46ec-5276-8bd3-328e42f53a99,"Sie suchen ein neues Erdgeschossbüro?",,,"Berlin","Berlin",16,16,,,149,,2026-06-29,"E&V Miete office"
office,lease,Engel & Völkers,https://www.engelvoelkers.com/de/de/exposes/312f21b6-38b6-5c96-b5fe-a79a5531d5aa,ev-312f21b6-38b6-5c96-b5fe-a79a5531d5aa,"Gewerbeflächen mit Sicht auf den Tierpark",,,"Berlin","Berlin",13.5,13.5,,,104,,2026-06-29,"E&V Miete office"
office,lease,Engel & Völkers,https://www.engelvoelkers.com/de/de/exposes/00130307-b8ba-599d-b9d7-0ea339deb923,ev-00130307-b8ba-599d-b9d7-0ea339deb923,"Büro in Friedrichsfelde sucht Mieter",,,"Berlin","Berlin",12.5,12.5,,,177,,2026-06-29,"E&V Miete office"
office,lease,Engel & Völkers,https://www.engelvoelkers.com/de/de/exposes/0c629771-7e18-5d03-b315-9e4a1cbd0634,ev-0c629771-7e18-5d03-b315-9e4a1cbd0634,"Ihr neues Büro in Friedrichsfelde",,,"Berlin","Berlin",12.5,12.5,,,275,,2026-06-29,"E&V Miete office"
office,lease,Engel & Völkers,https://www.engelvoelkers.com/de/de/exposes/5fa24b82-5b93-5785-a4ef-ebaf81862422,ev-5fa24b82-5b93-5785-a4ef-ebaf81862422,"Gewerbefläche in Friedrichsfelde",,,"Berlin","Berlin",10,10,,,250,,2026-06-29,"E&V Miete office"
office,lease,Engel & Völkers,https://www.engelvoelkers.com/de/de/exposes/a87796c0-391a-53e2-973a-25a98d1489fc,ev-a87796c0-391a-53e2-973a-25a98d1489fc,"Gewerbefläche mit Sicht auf den Tierpark",,,"Berlin","Berlin",10,10,,,194,,2026-06-29,"E&V Miete office"
office,lease,Engel & Völkers,https://www.engelvoelkers.com/de/de/exposes/e3264276-f6a2-52b2-85ef-2a37ed7d8da3,ev-e3264276-f6a2-52b2-85ef-2a37ed7d8da3,"Gewerbeflächen mit Sicht auf den Tierpark",,,"Berlin","Berlin",10,10,,,1627,,2026-06-29,"E&V Miete office"
office,lease,Engel & Völkers,https://www.engelvoelkers.com/de/de/exposes/b522eb8f-a5b3-583d-b056-f6b09fc989e0,ev-b522eb8f-a5b3-583d-b056-f6b09fc989e0,"Ihr neues Büro am Gesundbrunnen",,,"Berlin","Berlin",,,,,408,,2026-06-29,"E&V Miete office"
office,lease,Engel & Völkers,https://www.engelvoelkers.com/de/de/exposes/c10cac8e-bdf6-5ac0-b919-97579c48683a,ev-c10cac8e-bdf6-5ac0-b919-97579c48683a,"Funktionales Büro in Oberschöneweide",,,"Berlin","Berlin",16.5,16.5,,,163,,2026-06-29,"E&V Miete office"
office,lease,Engel & Völkers,https://www.engelvoelkers.com/de/de/exposes/66e3d72a-9609-56fe-8b33-ac31913f5f38,ev-66e3d72a-9609-56fe-8b33-ac31913f5f38,"Urbaner Workspace direkt am Nordpark",,,"Bielefeld","Nordrhein-Westfalen",,,,,,,2026-06-29,"E&V Miete office; approx 2.200 EUR/mo"
office,lease,Engel & Völkers,https://www.engelvoelkers.com/de/de/exposes/9f08adbd-0579-570e-87cd-046498c1ca65,ev-9f08adbd-0579-570e-87cd-046498c1ca65,"Wo Professionalität auf modernes Arbeiten trifft",,,"Alzenau","Bayern",,,,,,,2026-06-29,"E&V Miete office; approx 1.350 EUR/mo"
office,lease,Engel & Völkers,https://www.engelvoelkers.com/de/de/exposes/f5b8dd71-1f9c-5078-8d06-2d94f1213a49,ev-f5b8dd71-1f9c-5078-8d06-2d94f1213a49,"Loftflächen im ehemaligen Warenhaus Tietz",,,"Berlin","Berlin",20,20,,,2942,,2026-06-29,"E&V Miete office"
office,lease,Engel & Völkers,https://www.engelvoelkers.com/de/de/exposes/1f974ae0-52a6-5eda-a604-0caaad0795cf,ev-1f974ae0-52a6-5eda-a604-0caaad0795cf,"Charmantes Büro mit Terrasse in stilvollem Altbau",,,"Berlin","Berlin",22,22,,,1506,,2026-06-29,"E&V Miete office"
office,lease,Engel & Völkers,https://www.engelvoelkers.com/de/de/exposes/bbb060c3-0f50-570c-9b09-17508c4c388b,ev-bbb060c3-0f50-570c-9b09-17508c4c388b,"Helles Büro in Mitte mit eigener Terrasse",,,"Berlin","Berlin",20,20,,,1313,,2026-06-29,"E&V Miete office"
office,lease,Engel & Völkers,https://www.engelvoelkers.com/de/de/exposes/8821c31c-3f2a-52fb-92bb-b1560e37a5d2,ev-8821c31c-3f2a-52fb-92bb-b1560e37a5d2,"Loftbüro in Mitte",,,"Berlin","Berlin",21,21,,,123,,2026-06-29,"E&V Miete office"
office,lease,Engel & Völkers,https://www.engelvoelkers.com/de/de/exposes/2769fa06-e847-5611-8338-f2432e1bc03d,ev-2769fa06-e847-5611-8338-f2432e1bc03d,"Eigenes Haus im Regierungsviertel",,,"Berlin","Berlin",20.5,20.5,,,2599,,2026-06-29,"E&V Miete office"
office,lease,Engel & Völkers,https://www.engelvoelkers.com/de/de/exposes/3bce34a8-070a-5794-9ba9-f29997bcbddf,ev-3bce34a8-070a-5794-9ba9-f29997bcbddf,"Kontorhaus an der Weser: Büroflächen mit historischem Flair",,,"Bremen","Bremen",10,10,,,,,2026-06-29,"E&V Miete office"
office,lease,Engel & Völkers,https://www.engelvoelkers.com/de/de/exposes/f456ca21-cb0f-5e55-85af-030bb7c5265c,ev-f456ca21-cb0f-5e55-85af-030bb7c5265c,"Arbeiten nahe Maybachufer",,,"Berlin","Berlin",18,18,,,349,,2026-06-29,"E&V Miete office"
office,lease,Engel & Völkers,https://www.engelvoelkers.com/de/de/exposes/ad340de9-1861-5f3e-8c4a-988c9400c174,ev-ad340de9-1861-5f3e-8c4a-988c9400c174,"Moderne Büroeinheit mit Domblick",,,"Magdeburg","Sachsen-Anhalt",,,,,150,,2026-06-29,"E&V Miete office; approx 2.700 EUR/mo"
office,lease,Engel & Völkers,https://www.engelvoelkers.com/de/de/exposes/09294d6c-cd84-5fe4-bafd-129133086696,ev-09294d6c-cd84-5fe4-bafd-129133086696,"Tempelhofer Ufer Karree: Helle Büros nahe Mehringdamm",,,"Berlin","Berlin",22,22,,,1225,,2026-06-29,"E&V Miete office"
office,lease,Engel & Völkers,https://www.engelvoelkers.com/de/de/exposes/e31ef90d-ce7b-5455-a9ca-2992f8837322,ev-e31ef90d-ce7b-5455-a9ca-2992f8837322,"Stilvolle Altbaufläche für Büro & Wohnen in Harvestehude",,,"Hamburg","Hamburg",32.25,32.25,,,138,,2026-06-29,"E&V Miete office"
office,lease,Engel & Völkers,https://www.engelvoelkers.com/de/de/exposes/bb5d08de-b3a4-553c-8ae5-c08b98a43889,ev-bb5d08de-b3a4-553c-8ae5-c08b98a43889,"Moderne Gewerbeflächen im Zentrum von Delmenhorst",,,"Delmenhorst","Niedersachsen",,,,,306,,2026-06-29,"E&V Miete office; approx 4.290 EUR/mo"
office,lease,Engel & Völkers,https://www.engelvoelkers.com/de/de/exposes/eb2344b4-bb05-5426-bef2-38dadfe5b36f,ev-eb2344b4-bb05-5426-bef2-38dadfe5b36f,"Hier sind Sie richtig!",,,"Berlin","Berlin",12.5,12.5,,,393,,2026-06-29,"E&V Miete office"
office,lease,Engel & Völkers,https://www.engelvoelkers.com/de/de/exposes/1d64a84d-f7fe-5a49-bdf3-e66015bdee23,ev-1d64a84d-f7fe-5a49-bdf3-e66015bdee23,"Ihr neues Büro in Charlottenburg",,,"Berlin","Berlin",12.5,12.5,,,392,,2026-06-29,"E&V Miete office"
office,lease,Engel & Völkers,https://www.engelvoelkers.com/de/de/exposes/aef550ae-1e57-5b14-8f5d-4570b2852712,ev-aef550ae-1e57-5b14-8f5d-4570b2852712,"Helle Büros in Charlottenburg",,,"Berlin","Berlin",12.5,12.5,,,785,,2026-06-29,"E&V Miete office"
office,lease,Engel & Völkers,https://www.engelvoelkers.com/de/de/exposes/d10c75e1-91fe-58c9-88ce-3c78da5e0810,ev-d10c75e1-91fe-58c9-88ce-3c78da5e0810,"Eigenständiges Bürogebäude mit Halle im Süden Berlins",,,"Berlin","Berlin",11.5,11.5,,,681,,2026-06-29,"E&V Miete office"
office,lease,Engel & Völkers,https://www.engelvoelkers.com/de/de/exposes/29e4abb0-6d54-5653-b3a1-58d590427c5a,ev-29e4abb0-6d54-5653-b3a1-58d590427c5a,"Kulturbrauerei: Ihr neuer Standort nahe Mauerpark",,,"Berlin","Berlin",30,30,,,3284,,2026-06-29,"E&V Miete office"
office,lease,Engel & Völkers,https://www.engelvoelkers.com/de/de/exposes/713af666-3d18-5efd-9856-9ec4ffc601cb,ev-713af666-3d18-5efd-9856-9ec4ffc601cb,"Ihr neues Büro: Modern, zentral, Prenzlauer Berg",,,"Berlin","Berlin",30,30,,,1692,,2026-06-29,"E&V Miete office"
office,lease,Engel & Völkers,https://www.engelvoelkers.com/de/de/exposes/64254a40-44f2-5cec-8c2f-aec8366ab635,ev-64254a40-44f2-5cec-8c2f-aec8366ab635,"Top-Lage für Praxisnutzer",,,"Berlin","Berlin",36,36,,,407,,2026-06-29,"E&V Miete office"
office,sale,Engel & Völkers,https://www.engelvoelkers.com/de/de/exposes/09eb9368-b0bb-57b9-a0e5-258d857ceab1,ev-09eb9368-b0bb-57b9-a0e5-258d857ceab1,"Gepflegtes, vollvermietetes Gewerbeobjekt",,,"Stuttgart","Baden-Württemberg",,,1800000,,784,,2026-06-29,"E&V Kauf office"
office,sale,Engel & Völkers,https://www.engelvoelkers.com/de/de/exposes/e9336120-522e-52b7-a1b4-dbbfc79c08aa,ev-e9336120-522e-52b7-a1b4-dbbfc79c08aa,"Renditestarkes Anlageobjekt: Fitnesscenter, Büro & Praxis",,,"","",,,895000,,1195,,2026-06-29,"E&V Kauf office"
office,sale,Engel & Völkers,https://www.engelvoelkers.com/de/de/exposes/67d900ea-3fa8-593f-900b-4aefdabfa4c4,ev-67d900ea-3fa8-593f-900b-4aefdabfa4c4,"Gepflegte Bürofläche in Lüdenscheid",,,"Lüdenscheid","Nordrhein-Westfalen",,,69000,,91,,2026-06-29,"E&V Kauf office"
office,sale,Engel & Völkers,https://www.engelvoelkers.com/de/de/exposes/986574d0-fd38-57f4-9247-2944893ed7e6,ev-986574d0-fd38-57f4-9247-2944893ed7e6,"Vermietetes Bürogebäude in Top-Zustand",,,"Weissach","Baden-Württemberg",,,1750000,,872,,2026-06-29,"E&V Kauf office"
mixed_use,sale,Engel & Völkers,https://www.engelvoelkers.com/de/de/exposes/f2b55e5a-1f75-569f-8d8d-8f48e16e50c9,ev-f2b55e5a-1f75-569f-8d8d-8f48e16e50c9,"Nach WEG aufgeteiltes Wohn- und Geschäftshaus",,,"Berlin","Berlin",,,3300000,,941,,2026-06-29,"E&V Kauf office-listing (mixed)"
office,sale,Engel & Völkers,https://www.engelvoelkers.com/de/de/exposes/1dc846da-4e79-519a-857d-c64e7ef3c451,ev-1dc846da-4e79-519a-857d-c64e7ef3c451,"Investment am Pferdemarkt - Zuschuss & Steuern sparen",,,"","",,,835000,,458,,2026-06-29,"E&V Kauf office"
office,sale,Engel & Völkers,https://www.engelvoelkers.com/de/de/exposes/2bb465be-acac-5438-aaae-b06bafd8d687,ev-2bb465be-acac-5438-aaae-b06bafd8d687,"Stabiles Praxisinvestment in Würzburg-Sanderau",,,"Würzburg","Bayern",,,1050000,,394,,2026-06-29,"E&V Kauf office"
office,sale,Engel & Völkers,https://www.engelvoelkers.com/de/de/exposes/02e97b4f-7b96-551e-9604-38d6bbfc0903,ev-02e97b4f-7b96-551e-9604-38d6bbfc0903,"Beste Aussicht für die Zukunft",,,"Kitzingen","Bayern",,,420000,,155,,2026-06-29,"E&V Kauf office"
office,sale,Engel & Völkers,https://www.engelvoelkers.com/de/de/exposes/4af8e44d-5c83-5f93-840f-6f54d4b14c9a,ev-4af8e44d-5c83-5f93-840f-6f54d4b14c9a,"Vielseitige Raumaufteilung für Praxis oder Büro",,,"Freiburg im Breisgau","Baden-Württemberg",,,350000,,88,,2026-06-29,"E&V Kauf office"
office,sale,Engel & Völkers,https://www.engelvoelkers.com/de/de/exposes/515bee93-78d4-5eaf-a070-1d78182f36f1,ev-515bee93-78d4-5eaf-a070-1d78182f36f1,"Moderne und vermietete Gewerbefläche in St. Johannis",,,"Nürnberg","Bayern",,,128000,,,,2026-06-29,"E&V Kauf office"
office,sale,Engel & Völkers,https://www.engelvoelkers.com/de/de/exposes/2ae199a7-fabd-5eb9-aacb-2f4d444aabc0,ev-2ae199a7-fabd-5eb9-aacb-2f4d444aabc0,"Moderne Bürofläche in hochwertigem Neubau",,,"Münster","Nordrhein-Westfalen",,,295000,,43,,2026-06-29,"E&V Kauf office"
office,sale,Engel & Völkers,https://www.engelvoelkers.com/de/de/exposes/cafbc91b-2e7a-5506-8e2e-1e9a67866bb8,ev-cafbc91b-2e7a-5506-8e2e-1e9a67866bb8,"Modernes Bürogebäude mit 2 Gewerbehallen",,,"Telgte","Nordrhein-Westfalen",,,3390000,,2696,,2026-06-29,"E&V Kauf office"
office,sale,Engel & Völkers,https://www.engelvoelkers.com/de/de/exposes/7b35d8ea-a770-593c-9e21-c345599e6d3c,ev-7b35d8ea-a770-593c-9e21-c345599e6d3c,"Villa mit Privatstrand und Panoramablick",,,"Rastede","Niedersachsen",,,1990000,,637,,2026-06-29,"E&V Kauf office-listing"
office,sale,Engel & Völkers,https://www.engelvoelkers.com/de/de/exposes/ed81b0b9-ca01-57e5-bd7c-ad843249b4dc,ev-ed81b0b9-ca01-57e5-bd7c-ad843249b4dc,"Repräsentatives Bürogebäude mit top Anbindung",,,"Enkenbach-Alsenborn","Rheinland-Pfalz",,,725000,,932,,2026-06-29,"E&V Kauf office"
office,sale,Engel & Völkers,https://www.engelvoelkers.com/de/de/exposes/975bccac-ac0b-5c7f-b3d9-04aa8b1d8ddb,ev-975bccac-ac0b-5c7f-b3d9-04aa8b1d8ddb,"Verwaltungs- oder Unternehmenshauptsitz",,,"Mönchweiler","Baden-Württemberg",,,2995000,,1150,,2026-06-29,"E&V Kauf office"
gastronomy_with_rooms,sale,Engel & Völkers,https://www.engelvoelkers.com/de/de/exposes/139e588a-3847-5e5c-a299-4d5e9bb68b97,ev-139e588a-3847-5e5c-a299-4d5e9bb68b97,"Entwickelbares Boardinghouse in Toplage",,,"Köln","Nordrhein-Westfalen",,,1050000,,520,,2026-06-29,"E&V Kauf office-listing (boardinghouse)"
office,sale,Engel & Völkers,https://www.engelvoelkers.com/de/de/exposes/95d8cea4-909a-58c4-8fd4-999dbc97e634,ev-95d8cea4-909a-58c4-8fd4-999dbc97e634,"Gewerbeeinheit mit Wohn-Potenzial im Hochparterre",,,"Nürnberg","Bayern",,,299000,,115,,2026-06-29,"E&V Kauf office"
office,sale,Engel & Völkers,https://www.engelvoelkers.com/de/de/exposes/b13378d4-e49f-5e27-9ee2-1f902551d218,ev-b13378d4-e49f-5e27-9ee2-1f902551d218,"Firmensitz oder renditestarke Kapitalanlage",,,"Markdorf","Baden-Württemberg",,,1400000,,1212,,2026-06-29,"E&V Kauf office"
office,sale,Engel & Völkers,https://www.engelvoelkers.com/de/de/exposes/c1c0d21a-f30f-5ed9-9855-c29be5c78058,ev-c1c0d21a-f30f-5ed9-9855-c29be5c78058,"Büro in Jahrhundertwende-Altbau - Schwabing-West",,,"München","Bayern",,,715000,,84,,2026-06-29,"E&V Kauf office"
office,sale,Engel & Völkers,https://www.engelvoelkers.com/de/de/exposes/32de4a42-5e95-5cb0-bb99-df9e93e4f67a,ev-32de4a42-5e95-5cb0-bb99-df9e93e4f67a,"Praxis-/Bürofläche im Zentrum von Bad Godesberg",,,"Bonn","Nordrhein-Westfalen",,,320000,,143,,2026-06-29,"E&V Kauf office"
office,sale,Engel & Völkers,https://www.engelvoelkers.com/de/de/exposes/d30460f3-fbcb-55f4-991f-6f60e496edc2,ev-d30460f3-fbcb-55f4-991f-6f60e496edc2,"Gewerbefläche im Teileigentum in Prenzlauer Berg",,,"Berlin","Berlin",,,350000,,,,2026-06-29,"E&V Kauf office"
office,sale,Engel & Völkers,https://www.engelvoelkers.com/de/de/exposes/2db3574a-d3fb-58bf-9ded-fb856dc812de,ev-2db3574a-d3fb-58bf-9ded-fb856dc812de,"Bürofläche flexibel nutzbar - Eigennutzer oder Kapitalanlage",,,"Berlin","Berlin",,,695000,,,,2026-06-29,"E&V Kauf office"
office,sale,Engel & Völkers,https://www.engelvoelkers.com/de/de/exposes/b1ad76e7-c954-5b38-a059-1a2b81d60eac,ev-b1ad76e7-c954-5b38-a059-1a2b81d60eac,"Gewerbefläche im Teileigentum",,,"Berlin","Berlin",,,350000,,,,2026-06-29,"E&V Kauf office"
office,sale,Engel & Völkers,https://www.engelvoelkers.com/de/de/exposes/8660c312-6ca8-59e3-99a6-ce119cb24c0c,ev-8660c312-6ca8-59e3-99a6-ce119cb24c0c,"Gewerbehalle mit Büro und Ausstellung",,,"Ratingen","Nordrhein-Westfalen",,,5500000,,6530,,2026-06-29,"E&V Kauf office"
office,sale,Engel & Völkers,https://www.engelvoelkers.com/de/de/exposes/cc941054-7b57-52dd-abc0-df094274ed95,ev-cc941054-7b57-52dd-abc0-df094274ed95,"Exklusive Gewerbeimmobilie mit Wasserblick",,,"Rostock","Mecklenburg-Vorpommern",,,1490000,,853,,2026-06-29,"E&V Kauf office"
office,sale,Engel & Völkers,https://www.engelvoelkers.com/de/de/exposes/57752495-24bc-56e6-850a-5519c6a7f9fe,ev-57752495-24bc-56e6-850a-5519c6a7f9fe,"Moderne Büroetagen in Hannover-Vahrenwald",,,"Hannover","Niedersachsen",,,,,5444,,2026-06-29,"E&V Kauf office"
office,sale,Engel & Völkers,https://www.engelvoelkers.com/de/de/exposes/78fb6aab-b5ed-58bc-b526-2e13e40f8060,ev-78fb6aab-b5ed-58bc-b526-2e13e40f8060,"Bürofläche im Teileigentum im Kreuzberger Kiez",,,"Berlin","Berlin",,,850000,,266,,2026-06-29,"E&V Kauf office"
mixed_use,sale,Engel & Völkers,https://www.engelvoelkers.com/de/de/exposes/c2424e46-663d-5b38-b823-5d0c758d985c,ev-c2424e46-663d-5b38-b823-5d0c758d985c,"Wohn- & Geschäftshaus in Linden zu verkaufen",,,"Hannover","Niedersachsen",,,2500000,,222,,2026-06-29,"E&V Kauf office-listing (mixed)"
office,sale,Engel & Völkers,https://www.engelvoelkers.com/de/de/exposes/8439ffa5-0643-5386-a21c-a43fad35df91,ev-8439ffa5-0643-5386-a21c-a43fad35df91,"Ehemalige Thyssen-Villa mit Nutzungsperspektiven",,,"Duisburg","Nordrhein-Westfalen",,,1800000,,80,,2026-06-29,"E&V Kauf office"
office,sale,Engel & Völkers,https://www.engelvoelkers.com/de/de/exposes/91254f88-2916-55ce-ac68-e3bc0363abab,ev-91254f88-2916-55ce-ac68-e3bc0363abab,"VERMIETETES BÜROHAUS IN WOLFSBURG",,,"Wolfsburg","Niedersachsen",,,1100000,,20,,2026-06-29,"E&V Kauf office"
land_plot,sale,Engel & Völkers,https://www.engelvoelkers.com/de/de/exposes/3cdaa431-2e29-5b32-b3cb-28b41da9eb45,ev-3cdaa431-2e29-5b32-b3cb-28b41da9eb45,"Entwicklungsgrundstück in Krefeld-Uerdingen",,,"Krefeld","Nordrhein-Westfalen",,,620000,,614,,2026-06-29,"E&V Kauf office-listing (land)"
office,sale,Engel & Völkers,https://www.engelvoelkers.com/de/de/exposes/f5b69838-f9d5-50d6-ad1d-8ea1705d8ed7,ev-f5b69838-f9d5-50d6-ad1d-8ea1705d8ed7,"Attraktives Bürohaus in Stuttgart-Möhringen",,,"Stuttgart","Baden-Württemberg",,,,,2666,,2026-06-29,"E&V Kauf office"
office,sale,Engel & Völkers,https://www.engelvoelkers.com/de/de/exposes/05f6f053-426b-5e15-9c7b-b0c9b7dac44a,ev-05f6f053-426b-5e15-9c7b-b0c9b7dac44a,"Repräsentative Büroetage mit drei vermieteten Einheiten",,,"Bad Nauheim","Hessen",,,1570000,,,,2026-06-29,"E&V Kauf office"
office,sale,Engel & Völkers,https://www.engelvoelkers.com/de/de/exposes/484802f6-3b1a-5730-9b05-a251cb5c6043,ev-484802f6-3b1a-5730-9b05-a251cb5c6043,"Moderne Praxisfläche in Lüdenscheid (Verkauf bevorzugt)",,,"Lüdenscheid","Nordrhein-Westfalen",,,189000,,152,,2026-06-29,"E&V Kauf office"
office,sale,Engel & Völkers,https://www.engelvoelkers.com/de/de/exposes/6840f7f7-cf21-50aa-af77-3efc332cc7c3,ev-6840f7f7-cf21-50aa-af77-3efc332cc7c3,"Attraktives Gewerbehaus in den Quadraten!",,,"Mannheim","Baden-Württemberg",,,3300000,,2000,,2026-06-29,"E&V Kauf office"
office,sale,Engel & Völkers,https://www.engelvoelkers.com/de/de/exposes/c6cfaa5d-5fcf-586d-8c0d-7490b4085d82,ev-c6cfaa5d-5fcf-586d-8c0d-7490b4085d82,"VERKAUFT: Urbanes Arbeitsumfeld in City-Lage",,,"Bielefeld","Nordrhein-Westfalen",,,,,189,,2026-06-29,"E&V Kauf office; sold"
office,sale,Engel & Völkers,https://www.engelvoelkers.com/de/de/exposes/15cdd39a-d539-55b9-9c23-4b061d526466,ev-15cdd39a-d539-55b9-9c23-4b061d526466,"Großzügige & voll ausgestattete Praxisfläche",,,"Ennigerloh","Nordrhein-Westfalen",,,390000,,405,,2026-06-29,"E&V Kauf office"
office,sale,Engel & Völkers,https://www.engelvoelkers.com/de/de/exposes/8b8f10db-7903-5a03-bfd8-d3c2cafdd37e,ev-8b8f10db-7903-5a03-bfd8-d3c2cafdd37e,"Flexible Büro- und Ladenflächen am Universitätsplatz",,,"Magdeburg","Sachsen-Anhalt",,,,,,,2026-06-29,"E&V Kauf office"
office,sale,Engel & Völkers,https://www.engelvoelkers.com/de/de/exposes/49532e5c-1aa9-5f8f-b36b-19423b0af779,ev-49532e5c-1aa9-5f8f-b36b-19423b0af779,"ANLAGE- UND ENTWICKLUNGSOBJEKT GIFHORN/WOLFSBURG",,,"Isenbüttel","Niedersachsen",,,,,2353,,2026-06-29,"E&V Kauf office"
office,sale,Engel & Völkers,https://www.engelvoelkers.com/de/de/exposes/3287a756-1e45-555f-a686-94e00325a9f8,ev-3287a756-1e45-555f-a686-94e00325a9f8,"Stilbewusstes Anlageobjekt",,,"Friedrichshafen","Baden-Württemberg",,,498000,,81,,2026-06-29,"E&V Kauf office"
office,sale,Engel & Völkers,https://www.engelvoelkers.com/de/de/exposes/f64ad290-598e-5161-89aa-3eaa593082bb,ev-f64ad290-598e-5161-89aa-3eaa593082bb,"Flexibler Firmensitz oder Kapitalanlage",,,"Markdorf","Baden-Württemberg",,,,,1212,,2026-06-29,"E&V Kauf office"
office,sale,Engel & Völkers,https://www.engelvoelkers.com/de/de/exposes/de8409a9-b229-5949-a631-4e5b8a331a53,ev-de8409a9-b229-5949-a631-4e5b8a331a53,"Bürogebäude mit Werkstatt-/Lagerfläche",,,"Ihringen","Baden-Württemberg",,,1350000,,1247,,2026-06-29,"E&V Kauf office"
office,sale,Engel & Völkers,https://www.engelvoelkers.com/de/de/exposes/33e7bf76-7db5-5238-a1e9-094cceeef475,ev-33e7bf76-7db5-5238-a1e9-094cceeef475,"Verkauf einer Remise im Prenzlauer Berg",,,"Berlin","Berlin",,,1490000,,265,,2026-06-29,"E&V Kauf office"
office,sale,Engel & Völkers,https://www.engelvoelkers.com/de/de/exposes/217fda2e-bd44-5891-9b09-2ff4c768e4ed,ev-217fda2e-bd44-5891-9b09-2ff4c768e4ed,"Vielseitige Fläche in Charlottenburg",,,"Berlin","Berlin",,,499000,,,,2026-06-29,"E&V Kauf office"
office,sale,Engel & Völkers,https://www.engelvoelkers.com/de/de/exposes/a151aaab-4a5e-59b2-9a81-77af638b1734,ev-a151aaab-4a5e-59b2-9a81-77af638b1734,"Attraktive Büro- und Produktionsimmobilie",,,"Hamburg","Hamburg",,,,,3129,,2026-06-29,"E&V Kauf office"
office,sale,Engel & Völkers,https://www.engelvoelkers.com/de/de/exposes/fdb376e8-049e-5353-a053-cc9b14377ba0,ev-fdb376e8-049e-5353-a053-cc9b14377ba0,"FRISCH SANIERT: DAS NEUMARK-RATHAUS IN HELMSTEDT",,,"Helmstedt","Niedersachsen",,,1850000,,848,,2026-06-29,"E&V Kauf office"
office,sale,Engel & Völkers,https://www.engelvoelkers.com/de/de/exposes/153edcdf-8633-54c6-acf1-b013c9411dd2,ev-153edcdf-8633-54c6-acf1-b013c9411dd2,"Renditestarkes Büroobjekt",,,"Bietigheim-Bissingen","Baden-Württemberg",,,2950000,,2042,,2026-06-29,"E&V Kauf office"
office,sale,Engel & Völkers,https://www.engelvoelkers.com/de/de/exposes/288bef65-db54-539d-a346-dd02b272ad2d,ev-288bef65-db54-539d-a346-dd02b272ad2d,"Gewerbefläche im Herzen von Ottensen",,,"Hamburg","Hamburg",,,450000,,60,,2026-06-29,"E&V Kauf office"
land_plot,sale,Engel & Völkers,https://www.engelvoelkers.com/de/de/exposes/24cf073b-6a96-56b0-94e2-074096105e48,ev-24cf073b-6a96-56b0-94e2-074096105e48,"Projektierbares Ferienhausgrundstück im Harz",,,"Oberharz am Brocken","Sachsen-Anhalt",,,105000,,1112,,2026-06-29,"E&V Kauf land_plot"
land_plot,sale,Engel & Völkers,https://www.engelvoelkers.com/de/de/exposes/d63e7ace-ac8d-5178-80a2-8a83794c1591,ev-d63e7ace-ac8d-5178-80a2-8a83794c1591,"Gewerbe-Entwicklungsfläche im Wirtschaftsraum Freiburg",,,"Umkirch","Baden-Württemberg",,,4500000,,12401,,2026-06-29,"E&V Kauf land_plot"
land_plot,sale,Engel & Völkers,https://www.engelvoelkers.com/de/de/exposes/88cf2ce1-6adb-51a9-b8c5-d0f1363247e2,ev-88cf2ce1-6adb-51a9-b8c5-d0f1363247e2,"7.800 m² Gewerbegrundstück in Bochum-Langendreer",,,"Bochum","Nordrhein-Westfalen",,,1350000,,7800,,2026-06-29,"E&V Kauf land_plot"
land_plot,sale,Engel & Völkers,https://www.engelvoelkers.com/de/de/exposes/3e17a2e4-7e70-5748-b26a-2e573904c01b,ev-3e17a2e4-7e70-5748-b26a-2e573904c01b,"Zentrumsnahes Projektareal in Schwerte: ca. 10.000 m²",,,"Schwerte","Nordrhein-Westfalen",,,,,10000,,2026-06-29,"E&V Kauf land_plot"
land_plot,sale,Engel & Völkers,https://www.engelvoelkers.com/de/de/exposes/ff240146-b8c5-5074-957e-b047c09af2d0,ev-ff240146-b8c5-5074-957e-b047c09af2d0,"Interessante Gewerbeliegenschaft mit Entwicklungspotenzial",,,"Wedemark","Niedersachsen",,,,,1353,,2026-06-29,"E&V Kauf land_plot"
land_plot,sale,Engel & Völkers,https://www.engelvoelkers.com/de/de/exposes/e5fbb9dd-ee8c-58ef-89e5-c7b52e45b8ad,ev-e5fbb9dd-ee8c-58ef-89e5-c7b52e45b8ad,"Großes Grundstück für Bebauung mit EFH, DHH oder RH",,,"Beetzsee","Brandenburg",,,269000,,10881,,2026-06-29,"E&V Kauf land_plot"
land_plot,sale,Engel & Völkers,https://www.engelvoelkers.com/de/de/exposes/540c06ba-98fc-504b-afdf-6d89a20bb195,ev-540c06ba-98fc-504b-afdf-6d89a20bb195,"SEEVETAL | ERBPACHTGRUNDSTÜCK | FREIFLÄCHE | WERKSTATT",,,"Seevetal","Niedersachsen",,,3200000,,12000,,2026-06-29,"E&V Kauf land_plot"
land_plot,sale,Engel & Völkers,https://www.engelvoelkers.com/de/de/exposes/a0abb134-880a-5ead-874b-41a2399e3cca,ev-a0abb134-880a-5ead-874b-41a2399e3cca,"Gewerbegrundstück in Hannover - Hainholz",,,"Hannover","Niedersachsen",,,,,7726,,2026-06-29,"E&V Kauf land_plot"
land_plot,sale,Engel & Völkers,https://www.engelvoelkers.com/de/de/exposes/791ed82c-572a-5bb2-a0be-b58b91fd6f9e,ev-791ed82c-572a-5bb2-a0be-b58b91fd6f9e,"ENTWICKLUNGSGRUNDSTÜCKE IM NORDEN DER STADT HELMSTEDT",,,"Helmstedt","Niedersachsen",,,,,6665,,2026-06-29,"E&V Kauf land_plot"
land_plot,sale,Engel & Völkers,https://www.engelvoelkers.com/de/de/exposes/32a8ca0d-2013-51b4-84a3-cc268c50cec1,ev-32a8ca0d-2013-51b4-84a3-cc268c50cec1,"Wohnbaugrundstück in Berlin-Weißensee",,,"Berlin","Berlin",,,1300000,,685,,2026-06-29,"E&V Kauf land_plot"
land_plot,sale,Engel & Völkers,https://www.engelvoelkers.com/de/de/exposes/c694ba23-4fa7-58f6-bb4a-b3b7951e1d8f,ev-c694ba23-4fa7-58f6-bb4a-b3b7951e1d8f,"Ihr Investment in Wohlbefinden: Gym, Spa & Sauna",,,"Salzgitter","Niedersachsen",,,1290000,,3331,,2026-06-29,"E&V Kauf land_plot"
land_plot,sale,Engel & Völkers,https://www.engelvoelkers.com/de/de/exposes/e14c7f91-9285-5f5e-8ad5-a0cb28597a60,ev-e14c7f91-9285-5f5e-8ad5-a0cb28597a60,"Bauen im Industriegebiet von Enkenbach!",,,"Enkenbach-Alsenborn","Rheinland-Pfalz",,,245000,,4078,,2026-06-29,"E&V Kauf land_plot"
land_plot,sale,Engel & Völkers,https://www.engelvoelkers.com/de/de/exposes/4e3c6e57-8490-53ac-a5c7-ece726b40eec,ev-4e3c6e57-8490-53ac-a5c7-ece726b40eec,"Großes Gewerbegrundstück ohne Bebauungsplan!",,,"Enkenbach-Alsenborn","Rheinland-Pfalz",,,,,3100,,2026-06-29,"E&V Kauf land_plot"
land_plot,sale,Engel & Völkers,https://www.engelvoelkers.com/de/de/exposes/389638d1-afa8-56ce-9423-3639dd5ce5a9,ev-389638d1-afa8-56ce-9423-3639dd5ce5a9,"Grundstück mit Baugenehmigung für vier Baukörper",,,"Berlin","Berlin",,,2300000,,2598,,2026-06-29,"E&V Kauf land_plot"
land_plot,sale,Engel & Völkers,https://www.engelvoelkers.com/de/de/exposes/d81d88c6-3ca5-5b46-8bd2-959db7367044,ev-d81d88c6-3ca5-5b46-8bd2-959db7367044,"Großzügiges Baugrundstück im Nordwesten Rostocks",,,"Rostock","Mecklenburg-Vorpommern",,,2795000,,4405,,2026-06-29,"E&V Kauf land_plot"
land_plot,sale,Engel & Völkers,https://www.engelvoelkers.com/de/de/exposes/81380df5-9491-5b61-94b3-ea96e805f2d2,ev-81380df5-9491-5b61-94b3-ea96e805f2d2,"Attraktives Projektgrundstück mit positiver Bauvoranfrage",,,"Kassel","Hessen",,,649000,,1925,,2026-06-29,"E&V Kauf land_plot"
land_plot,sale,Engel & Völkers,https://www.engelvoelkers.com/de/de/exposes/7f6ca6fd-2701-519b-8578-c0d8ae6c8b4b,ev-7f6ca6fd-2701-519b-8578-c0d8ae6c8b4b,"Landwirtschaftlicher Streubesitz Sophiental/Wolfenbüttel",,,"Wendeburg","Niedersachsen",,,215000,,61131,,2026-06-29,"E&V Kauf land_plot"
land_plot,sale,Engel & Völkers,https://www.engelvoelkers.com/de/de/exposes/086f8606-db6e-5b69-9e4f-5786ca8f5b72,ev-086f8606-db6e-5b69-9e4f-5786ca8f5b72,"Baugrundstück im etablierten Gewerbegebiet",,,"Rostock","Mecklenburg-Vorpommern",,,2800000,,10200,,2026-06-29,"E&V Kauf land_plot"
land_plot,sale,Engel & Völkers,https://www.engelvoelkers.com/de/de/exposes/f830fbe4-65e6-588d-bbc9-7726bb31efab,ev-f830fbe4-65e6-588d-bbc9-7726bb31efab,"Planungsobjekt für Senioren und Wohnen",,,"Borna","Sachsen",,,1100000,,7876,,2026-06-29,"E&V Kauf land_plot"
land_plot,sale,Engel & Völkers,https://www.engelvoelkers.com/de/de/exposes/3444be23-16aa-5e9f-ae74-a94d46b275bf,ev-3444be23-16aa-5e9f-ae74-a94d46b275bf,"Projektgrundstück - Bestandsgebäude leerstehend",,,"Bochum","Nordrhein-Westfalen",,,419000,,1225,,2026-06-29,"E&V Kauf land_plot"
land_plot,sale,Engel & Völkers,https://www.engelvoelkers.com/de/de/exposes/c963b9fa-df9d-53cb-bdec-131379c3549d,ev-c963b9fa-df9d-53cb-bdec-131379c3549d,"Projektiertes Baugrundstück in beliebter Wohnlage",,,"Magdeburg","Sachsen-Anhalt",,,595000,,2540,,2026-06-29,"E&V Kauf land_plot"
land_plot,sale,Engel & Völkers,https://www.engelvoelkers.com/de/de/exposes/5c4bdeb5-8ef3-5e9b-a0fe-0ea39c9eefbd,ev-5c4bdeb5-8ef3-5e9b-a0fe-0ea39c9eefbd,"Unbeplantes Grundstück",,,"Schkeuditz","Sachsen",,,2650000,,9783,,2026-06-29,"E&V Kauf land_plot"
land_plot,sale,Engel & Völkers,https://www.engelvoelkers.com/de/de/exposes/d2f2126b-a3f2-5bfa-a3a4-cb99fe73d3c0,ev-d2f2126b-a3f2-5bfa-a3a4-cb99fe73d3c0,"Gewerbegrundstück in Bremen-Burglesum",,,"Bremen","Bremen",,,895000,,23162,,2026-06-29,"E&V Kauf land_plot"
land_plot,sale,Engel & Völkers,https://www.engelvoelkers.com/de/de/exposes/1294de58-9a05-5cc0-ac87-51e46b8f04be,ev-1294de58-9a05-5cc0-ac87-51e46b8f04be,"Wohnbaugrundstück in Nauen (bei Berlin)",,,"Nauen","Brandenburg",,,1300000,,2609,,2026-06-29,"E&V Kauf land_plot"
land_plot,sale,Engel & Völkers,https://www.engelvoelkers.com/de/de/exposes/e9f34190-17b8-51ea-9163-c63c2cd291bd,ev-e9f34190-17b8-51ea-9163-c63c2cd291bd,"59.668 m² Gewerbegrundstück an geplanter A20-Zufahrt",,,"Stadland","Niedersachsen",,,1790000,,59668,,2026-06-29,"E&V Kauf land_plot"
land_plot,sale,Engel & Völkers,https://www.engelvoelkers.com/de/de/exposes/513c0434-0444-5591-bcb9-95575ddb8d78,ev-513c0434-0444-5591-bcb9-95575ddb8d78,"Baugrundstück für Wohnen und Gewerbe",,,"Hürth","Nordrhein-Westfalen",,,1850000,,9143,,2026-06-29,"E&V Kauf land_plot"
land_plot,sale,Engel & Völkers,https://www.engelvoelkers.com/de/de/exposes/91d74eb2-00ca-511f-85bf-f95cb5d756d1,ev-91d74eb2-00ca-511f-85bf-f95cb5d756d1,"Grundstück in Bestlage mit Baugenehmigung",,,"Chemnitz","Sachsen",,,340000,,1104,,2026-06-29,"E&V Kauf land_plot"
land_plot,sale,Engel & Völkers,https://www.engelvoelkers.com/de/de/exposes/3bd54081-1449-509f-8edc-b5b7bbf476d4,ev-3bd54081-1449-509f-8edc-b5b7bbf476d4,"Attraktives Gewerbegrundstück mit Garagenvermietung",,,"Wurzen","Sachsen",,,127000,,1277,,2026-06-29,"E&V Kauf land_plot"
land_plot,sale,Engel & Völkers,https://www.engelvoelkers.com/de/de/exposes/44f5b4a2-f5fb-522b-bb5a-966492f74c1c,ev-44f5b4a2-f5fb-522b-bb5a-966492f74c1c,"Baugrundstück in hochfrequentierter Lage",,,"Emden","Niedersachsen",,,600000,,3967,,2026-06-29,"E&V Kauf land_plot"
land_plot,sale,Engel & Völkers,https://www.engelvoelkers.com/de/de/exposes/194d9f9a-2391-5d0c-8bc5-b98e5bb0f7a5,ev-194d9f9a-2391-5d0c-8bc5-b98e5bb0f7a5,"Großzügiges Wohnbaugrundstück für Wohngeschossbau",,,"Vilshofen an der Donau","Bayern",,,,,4286,,2026-06-29,"E&V Kauf land_plot"
land_plot,sale,Engel & Völkers,https://www.engelvoelkers.com/de/de/exposes/e8fa867e-9ea6-5529-8c82-108c4907243e,ev-e8fa867e-9ea6-5529-8c82-108c4907243e,"Gewerbegrundstück östl. der Warnow in Rostock",,,"Rostock","Mecklenburg-Vorpommern",,,965000,,2359,,2026-06-29,"E&V Kauf land_plot"
land_plot,sale,Engel & Völkers,https://www.engelvoelkers.com/de/de/exposes/6049b89e-fda6-5ebb-9a55-79ba40a4e600,ev-6049b89e-fda6-5ebb-9a55-79ba40a4e600,"Zentrales Projektgrundstück mit flexibler Nutzung",,,"Mackenbach","Rheinland-Pfalz",,,875000,,3626,,2026-06-29,"E&V Kauf land_plot"
land_plot,sale,Engel & Völkers,https://www.engelvoelkers.com/de/de/exposes/53dda989-661d-53e8-810c-efcbbbabed84,ev-53dda989-661d-53e8-810c-efcbbbabed84,"Gewerbegrundstück am Verkehrsknotenpunkt!",,,"Enkenbach-Alsenborn","Rheinland-Pfalz",,,,,7554,,2026-06-29,"E&V Kauf land_plot"
land_plot,sale,Engel & Völkers,https://www.engelvoelkers.com/de/de/exposes/e18d81a3-8c0a-5f0b-b9e2-6c2b72cc7cd7,ev-e18d81a3-8c0a-5f0b-b9e2-6c2b72cc7cd7,"Baugrundstück im Mischgebiet für Gewerbe- oder Wohnungsbau",,,"Enkenbach-Alsenborn","Rheinland-Pfalz",,,537000,,2441,,2026-06-29,"E&V Kauf land_plot"
retail,lease,Engel & Völkers,https://www.engelvoelkers.com/de/de/exposes/c7808c51-da8b-56e7-a8e7-4b47609f8f59,ev-c7808c51-da8b-56e7-a8e7-4b47609f8f59,"Attraktive Ladenfläche zwischen Südstadt und Zentrum",,,"Hannover","Niedersachsen",20,20,,,418,,2026-06-29,"E&V Miete retail (gewerbefläche)"
office,lease,Engel & Völkers,https://www.engelvoelkers.com/de/de/exposes/916d3152-c6fc-5a8d-ad42-34618331575d,ev-916d3152-c6fc-5a8d-ad42-34618331575d,"Lichtdurchflutete Büro- und Showroomflächen im Grand Bateau",,,"Düsseldorf","Nordrhein-Westfalen",,,,,415,,2026-06-29,"E&V Miete office (gewerbefläche)"
office,lease,Engel & Völkers,https://www.engelvoelkers.com/de/de/exposes/ff361fc0-86a4-59b7-8053-7386e78d5be5,ev-ff361fc0-86a4-59b7-8053-7386e78d5be5,"Lichtdurchflutete Büro- und Showroomfläche",,,"Düsseldorf","Nordrhein-Westfalen",22.5,22.5,,,484,,2026-06-29,"E&V Miete office (gewerbefläche)"
office,lease,Engel & Völkers,https://www.engelvoelkers.com/de/de/exposes/f37d0de2-5564-5df0-912c-502ee9ddceed,ev-f37d0de2-5564-5df0-912c-502ee9ddceed,"Lichtdurchflutete Büro- und Showroomfläche",,,"Düsseldorf","Nordrhein-Westfalen",22.5,22.5,,,1041,,2026-06-29,"E&V Miete office (gewerbefläche)"
office,lease,Engel & Völkers,https://www.engelvoelkers.com/de/de/exposes/60bea7ea-8219-55bb-8247-be6fd5af0849,ev-60bea7ea-8219-55bb-8247-be6fd5af0849,"Attraktive Büroeinheit mit guter Anbindung",,,"Regensburg","Bayern",,,,,218,,2026-06-29,"E&V Miete office (gewerbefläche)"
office,lease,Engel & Völkers,https://www.engelvoelkers.com/de/de/exposes/15491f35-de00-5a1e-9885-90438b4e9576,ev-15491f35-de00-5a1e-9885-90438b4e9576,"Halle 30 - Showroom in der Unternehmerstadt",,,"Düsseldorf","Nordrhein-Westfalen",20,20,,,535,,2026-06-29,"E&V Miete office (gewerbefläche)"
office,lease,Engel & Völkers,https://www.engelvoelkers.com/de/de/exposes/a9146dce-a749-5667-8e72-8580004479d8,ev-a9146dce-a749-5667-8e72-8580004479d8,"Büroflächen in den Rheinhöfen",,,"Düsseldorf","Nordrhein-Westfalen",,,,,575,,2026-06-29,"E&V Miete office (gewerbefläche)"
office,lease,Engel & Völkers,https://www.engelvoelkers.com/de/de/exposes/4cc7e2d4-ee7d-5790-bf7e-23513201d203,ev-4cc7e2d4-ee7d-5790-bf7e-23513201d203,"Hochwertige Bürofläche im Living Office",,,"Düsseldorf","Nordrhein-Westfalen",15,15,,,1592,,2026-06-29,"E&V Miete office (gewerbefläche)"
office,lease,Engel & Völkers,https://www.engelvoelkers.com/de/de/exposes/08389e97-5668-5f3f-ad92-a83e21c7a395,ev-08389e97-5668-5f3f-ad92-a83e21c7a395,"Moderne Büroflächen mit Blick auf den Hafen",,,"Düsseldorf","Nordrhein-Westfalen",24,24,,,555,,2026-06-29,"E&V Miete office (gewerbefläche)"
office,lease,Engel & Völkers,https://www.engelvoelkers.com/de/de/exposes/213cf9ec-404f-57e5-bda8-0361c0072ca6,ev-213cf9ec-404f-57e5-bda8-0361c0072ca6,"Freundliche Büroflächen am Hafen",,,"Düsseldorf","Nordrhein-Westfalen",24,24,,,523,,2026-06-29,"E&V Miete office (gewerbefläche)"
office,lease,Engel & Völkers,https://www.engelvoelkers.com/de/de/exposes/51644e90-bf95-555d-81b0-2f5cce582b76,ev-51644e90-bf95-555d-81b0-2f5cce582b76,"Repräsentative Bürofläche in zentraler Lage",,,"Hannover","Niedersachsen",,,,,319,,2026-06-29,"E&V Miete office (gewerbefläche); approx 4.300 EUR/mo"
retail,lease,Engel & Völkers,https://www.engelvoelkers.com/de/de/exposes/cfd0e2d0-0091-5efc-a493-e670cfd8b53c,ev-cfd0e2d0-0091-5efc-a493-e670cfd8b53c,"Erstbezug: Hochwertige Ladenfläche an der Hildesheimer Straße",,,"Laatzen","Niedersachsen",16,16,,,425,,2026-06-29,"E&V Miete retail (gewerbefläche)"
office,lease,Engel & Völkers,https://www.engelvoelkers.com/de/de/exposes/2c676d26-2d82-52ae-a5ca-b4e6c2e3ca33,ev-2c676d26-2d82-52ae-a5ca-b4e6c2e3ca33,"Lichtdurchflutete Gewerbefläche in Ricklingen",,,"Hannover","Niedersachsen",10,10,,,170,,2026-06-29,"E&V Miete office (gewerbefläche)"
